datetime,open,high,low,close
2024-03-21T00:00:00.000000,175.45322885093574,175.8892630091755,169.29922879245808,169.82444763183594
2024-03-22T00:00:00.000000,170.21095802650942,171.48933248689517,168.5262926884995,170.7262725830078
2024-03-25T00:00:00.000000,169.03166954174233,170.3893089389317,167.92176032191367,169.30914306640625
2024-03-26T00:00:00.000000,168.4668059986792,169.87399750483326,168.0505957042821,168.17942810058594
2024-03-27T00:00:00.000000,168.87312383270142,172.0343565405087,168.57582642397568,171.74696350097656
2024-03-28T00:00:00.000000,170.2010103030642,170.67667701496117,168.97218824939392,169.93344116210938
2024-04-01T00:00:00.000000,169.64609346633853,169.70554992575666,167.9515087670476,168.49655151367188
2024-04-02T00:00:00.000000,167.55514751320567,167.81279724986138,166.71280722151346,167.3173065185547
2024-04-03T00:00:00.000000,167.26773529316293,169.140689438472,167.05963767767048,168.11997985839844
2024-04-04T00:00:00.000000,168.7541832986243,170.3694875068381,167.29745483398438,167.29745483398438
2024-04-05T00:00:00.000000,168.06051777285862,168.85330584999502,167.4262903353845,168.0506134033203
2024-04-08T00:00:00.000000,167.50554175274334,167.67400673287588,166.72267330140122,166.93077087402344
2024-04-09T00:00:00.000000,167.17853275073267,168.5460917055098,166.83169838821917,168.13978576660156
2024-04-10T00:00:00.000000,167.27765088979615,167.56502882108228,165.60289002910008,166.266845703125
2024-04-11T00:00:00.000000,166.8217782077108,173.87757491447604,166.64340884278624,173.4613494873047
2024-04-12T00:00:00.000000,172.68837774790788,176.75140669942581,172.63884078505302,174.95773315429688
2024-04-15T00:00:00.000000,173.77847120218846,175.0370216134587,170.94426424521788,171.13255310058594
2024-04-16T00:00:00.000000,170.20103782824683,172.1929047923956,166.75242714722782,167.8524169921875
2024-04-17T00:00:00.000000,168.08035923089483,169.11097325425362,166.48487854003906,166.48487854003906
2024-04-18T00:00:00.000000,166.51456987389489,167.11906901091456,165.0479219314042,165.5334930419922
2024-04-19T00:00:00.000000,164.7109957890585,164.89926951971245,162.6002009445124,163.51190185546875
2024-04-22T00:00:00.000000,164.02723892062434,165.75153680925646,163.28400290071727,164.34434509277344
2024-04-23T00:00:00.000000,163.85875133255257,165.54341638804536,163.43262154349364,165.39476013183594
2024-04-24T00:00:00.000000,165.03800691456527,167.77312477902248,164.71099641624178,167.4956512451172
2024-04-25T00:00:00.000000,168.0010494911784,169.07131105182287,166.63349053238153,168.35780334472656
2024-04-26T00:00:00.000000,168.3478879652858,169.79471202253325,167.6541890412428,167.7731170654297
2024-04-29T00:00:00.000000,171.80640930182136,174.44242297655094,171.53885525962073,171.93524169921875
2024-04-30T00:00:00.000000,171.76676673002254,173.4117990890393,168.46679764398493,168.7938232421875
2024-05-01T00:00:00.000000,168.05059058657778,171.15236652369296,167.58482822154218,167.7731170654297
2024-05-02T00:00:00.000000,170.95415273119292,171.85594920671264,169.34876810707777,171.46946716308594
2024-05-03T00:00:00.000000,184.96661732338913,185.31346675883958,181.01261238934663,181.7261199951172
2024-05-06T00:00:00.000000,180.70545548743195,182.53876191493006,178.7928536161005,180.07122802734375
2024-05-07T00:00:00.000000,181.79549235772294,183.2324120279765,179.68471275097576,180.7549591064453
2024-05-08T00:00:00.000000,181.20092748758523,181.4189445721307,179.81354466582562,181.0919189453125
2024-05-09T00:00:00.000000,180.91352883975787,182.99459544718977,180.4675903156434,182.90541076660156
2024-05-10T00:00:00.000000,183.48093424482693,183.669478466616,180.73220418072017,181.6451416015625
2024-05-13T00:00:00.000000,184.01680743143146,185.6640710757596,183.2030934113359,184.85035705566406
2024-05-14T00:00:00.000000,186.0709344816443,186.8548800445926,184.8602962551219,185.99154663085938
2024-05-15T00:00:00.000000,186.46787049037354,189.18683240943687,185.9320062923224,188.26397705078125
2024-05-16T00:00:00.000000,189.00821119957226,189.6333810173086,188.2044300863017,188.38304138183594
2024-05-17T00:00:00.000000,188.05558877384672,189.34561487480414,187.72811956148706,188.41282653808594
2024-05-20T00:00:00.000000,187.87695420764547,190.44707314635468,187.5594028379898,189.57382202148438
2024-05-21T00:00:00.000000,189.62343971650407,191.25085261805762,189.4547462309282,190.873779296875
2024-05-22T00:00:00.000000,190.79440205142186,191.3401840301744,188.8097513226368,189.43490600585938
2024-05-23T00:00:00.000000,189.51429520164533,189.5341459487459,185.19768892080702,185.44577026367188
2024-05-24T00:00:00.000000,187.37087155015982,189.11735863774422,186.59684388111853,188.52195739746094
2024-05-28T00:00:00.000000,190.04019905563405,191.51876909707792,187.6487067626696,188.53187561035156
2024-05-29T00:00:00.000000,188.15481585355153,190.7745542503335,188.05557725890648,188.82958984375
2024-05-30T00:00:00.000000,189.29598343446253,190.70508365256933,189.16699143181853,189.82191467285156
2024-05-31T00:00:00.000000,189.9707702687458,191.09210277636024,188.45251367186646,190.77455139160156
2024-06-03T00:00:00.000000,191.41954585254337,193.49351725389894,191.04247253185534,192.54087829589844
2024-06-04T00:00:00.000000,193.14619663099631,193.82098571162214,191.54855228534223,192.85842895507812
2024-06-05T00:00:00.000000,193.9003813531384,195.38886948576234,193.37445009094603,194.3667755126953
2024-06-06T00:00:00.000000,194.18811636709813,194.9918973380364,192.6797778579425,192.98739624023438
2024-06-07T00:00:00.000000,193.15613762673084,195.4285713258788,192.65005711175448,195.3789520263672
2024-06-10T00:00:00.000000,195.38883614317194,195.7857753291456,190.67529119421684,191.63784790039062
2024-06-11T00:00:00.000000,192.16377479587797,205.57009834825277,192.14393919328205,205.56016540527344
2024-06-12T00:00:00.000000,205.7785169434978,218.5100538646653,205.3121227860245,211.43478393554688
2024-06-13T00:00:00.000000,213.09195736730385,215.08652592836702,209.9760562824749,212.59579467773438
2024-06-14T00:00:00.000000,212.20877015870124,213.51863167298376,209.67833763090172,210.8592071533203
2024-06-17T00:00:00.000000,211.7324642876032,217.26964179829142,211.08745883873982,215.00714111328125
2024-06-18T00:00:00.000000,215.9200623200828,216.95208913019513,211.36529274424583,212.6453857421875
2024-06-20T00:00:00.000000,212.28813739547695,212.59577094768608,207.2471383568116,208.0707550048828
2024-06-21T00:00:00.000000,208.77533580800622,210.26382387597764,205.5205097773767,205.89759826660156
2024-06-24T00:00:00.000000,206.12582769938734,211.06760381745957,205.00449518251241,206.5426025390625
2024-06-25T00:00:00.000000,207.54485732874397,209.75775393646785,207.0090082596573,207.46548461914062
2024-06-26T00:00:00.000000,209.87680350658064,213.21101716086312,209.02340313251779,211.61337280273438
2024-06-27T00:00:00.000000,213.04233172557286,214.0842763709762,210.7202940415425,212.4568634033203
2024-06-28T00:00:00.000000,214.1140398112984,214.41174043740799,208.68601906723538,209.00355529785156
2024-07-01T00:00:00.000000,210.46227761796723,215.84067914098924,210.29358412725625,215.08651733398438
2024-07-02T00:00:00.000000,214.49109278116705,218.6886394133838,213.44916340119858,218.57948303222656
2024-07-03T00:00:00.000000,218.31157833867707,219.8496856689453,217.34902153194005,219.8496856689453
2024-07-05T00:00:00.000000,219.94891212590596,224.71207692855523,219.94891212590596,224.60292053222656
2024-07-08T00:00:00.000000,225.34715532852172,226.1013322692385,221.53662969916704,226.07156372070312
2024-07-09T00:00:00.000000,226.18069804264906,227.63941744293055,224.63267299949706,226.92494201660156
2024-07-10T00:00:00.000000,227.54022056792812,231.2912094233167,227.49060126886744,231.1919708251953
2024-07-11T00:00:00.000000,229.61417679228308,230.6065022056456,224.0373128145247,225.82350158691406
2024-07-12T00:00:00.000000,227.1631286162611,230.8545803134063,226.92496506939614,228.77069091796875
2024-07-15T00:00:00.000000,234.66509753137677,235.409341553401,231.30111515749465,232.60105895996094
2024-07-16T00:00:00.000000,233.19646408342908,234.4567215545301,230.54695713829173,233.01785278320312
2024-07-17T00:00:00.000000,227.6890306172661,229.68361410453295,224.90059902579642,227.1234130859375
2024-07-18T00:00:00.000000,228.51267855827928,228.67145424701283,220.56415801938329,222.45948791503906
2024-07-19T00:00:00.000000,223.09456601818903,225.05936573868797,221.56637668093765,222.58847045898438
2024-07-22T00:00:00.000000,225.26777593230437,226.03187070395737,221.3778623137636,222.24119567871094
2024-07-23T00:00:00.000000,222.64803919770813,225.19832267550643,220.97100689389265,223.2831268310547
2024-07-24T00:00:00.000000,222.280880842846,223.0747441599071,215.46361045876344,216.86277770996094
2024-07-25T00:00:00.000000,217.24978234747041,219.15506035064124,212.97286249707204,215.8208465576172
2024-07-26T00:00:00.000000,217.02155779536062,217.80550332568987,214.35220009781358,216.28724670410156
2024-07-29T00:00:00.000000,215.29493390237633,217.61697179557376,214.0942134588753,216.5651092529297
2024-07-30T00:00:00.000000,217.50779485320817,218.63904514115285,214.46134877521007,217.12078857421875
2024-07-31T00:00:00.000000,219.74053796301214,222.10227724921992,218.93675681546986,220.37562561035156
2024-08-01T00:00:00.000000,222.64802807062824,222.7571844619209,215.35444602521784,216.6841583251953
2024-08-02T00:00:00.000000,217.46809553371503,223.86860618805187,216.0391597412521,218.1726531982422
2024-08-05T00:00:00.000000,197.56204548052773,211.8614570593827,194.49576385779395,207.66392517089844
2024-08-06T00:00:00.000000,203.72440665766518,208.37841518370308,199.52687447574846,205.63958740234375
2024-08-07T00:00:00.000000,205.3120832934174,212.000360770617,204.80600287893913,208.20968627929688
2024-08-08T00:00:00.000000,211.4744658055274,212.55609685346144,207.22731432081122,211.6729278564453
2024-08-09T00:00:00.000000,210.47223285968454,215.11630867247783,210.34322570654538,214.58045959472656
2024-08-12T00:00:00.000000,214.65990347975702,218.07744081285009,214.19296955440146,216.11036682128906
2024-08-13T00:00:00.000000,217.58072790378117,220.44193777769505,217.58072790378117,219.82598876953125
2024-08-14T00:00:00.000000,219.1305366370634,221.574473844181,218.2662040703635,220.2730255126953
2024-08-15T00:00:00.000000,223.13425172393934,223.87935717471936,221.30624816369337,223.2534637451172
2024-08-16T00:00:00.000000,222.45869413327577,225.34970708383625,222.19045191126241,224.57479858398438
2024-08-19T00:00:00.000000,224.2469437652095,224.51518597934856,221.58442566604344,224.41583251953125
2024-08-20T00:00:00.000000,224.2966078109087,225.68746521443902,223.97868888483964,225.03176879882812
2024-08-21T00:00:00.000000,225.04174306182065,226.49220666639903,223.58133501497932,224.92251586914062
2024-08-22T00:00:00.000000,226.30343225653021,226.84984597984075,222.43881906323927,223.06471252441406
2024-08-23T00:00:00.000000,224.18732719786422,226.7306179936649,222.8660050723941,225.359619140625
2024-08-26T00:00:00.000000,225.28016094798537,225.79677167752968,222.42889539152742,225.69741821289062
2024-08-27T00:00:00.000000,224.52510403050715,227.356510742363,223.42234738221904,226.54185485839844
2024-08-28T00:00:00.000000,226.43257756563742,228.35991942602843,224.20719049274723,225.0119171142578
2024-08-29T00:00:00.000000,228.59836441740794,231.39995310375193,227.3863249726349,228.29037475585938
2024-08-30T00:00:00.000000,228.68779072729976,228.8964117856607,225.99546942021698,227.50555419921875
2024-09-03T00:00:00.000000,227.05847075546578,227.50553099413642,219.7266282681139,221.31619262695312
2024-09-04T00:00:00.000000,220.21346400536402,220.33267604173963,216.0607345474831,219.40875244140625
2024-09-05T00:00:00.000000,220.1836359939166,224.00850159902006,220.07435325324454,220.92874145507812
2024-09-06T00:00:00.000000,222.4884846157397,223.7700744804958,218.33577084564575,219.37892150878906
2024-09-09T00:00:00.000000,219.37892899374344,219.82598924771256,215.2957503769675,219.4683380126953
2024-09-10T00:00:00.000000,217.49131703149231,220.03460793809228,215.31560663834654,218.67355346679688
2024-09-11T00:00:00.000000,220.01475867053273,221.63411098197892,216.4680492147489,221.20692443847656
2024-09-12T00:00:00.000000,221.04795042006705,222.09110108310472,218.38544755210194,221.31619262695312
2024-09-13T00:00:00.000000,222.12091208096655,222.57790161811045,220.46181236980377,221.04795837402344
2024-09-16T00:00:00.000000,215.126845002842,215.80241517960704,212.52394807405793,214.90829467773438
2024-09-17T00:00:00.000000,214.34200737227792,215.48449636527135,213.10016491936787,215.37521362304688
2024-09-18T00:00:00.000000,216.13026348358338,221.25659276615585,216.12031904206836,219.24977111816406
2024-09-19T00:00:00.000000,223.52170475455895,228.32018565098164,223.16405353373213,227.37637329101562
2024-09-20T00:00:00.000000,228.46920754640476,231.56884144729943,226.1345376792504,226.71075439453125
2024-09-23T00:00:00.000000,225.8563676699032,227.95259834339626,224.33635371548323,224.99205017089844
2024-09-24T00:00:00.000000,227.15781488965328,227.85325878901892,224.25687274556688,225.88616943359375
2024-09-25T00:00:00.000000,223.46208007568333,225.80667911779153,222.5580303354434,224.89268493652344
2024-09-26T00:00:00.000000,225.81665178414175,227.00881759745033,223.9389864593978,226.03521728515625
2024-09-27T00:00:00.000000,226.9690772008412,228.02215721764472,225.81664372013879,226.30343627929688
2024-09-30T00:00:00.000000,228.5387415800987,231.47943115234375,228.1512873446241,231.47943115234375
2024-10-01T00:00:00.000000,228.02216122790813,228.15130254219565,222.27988260723768,224.7337646484375
2024-10-02T00:00:00.000000,224.41582711263038,225.8861642954019,221.56456176324298,225.30001831054688
2024-10-03T00:00:00.000000,223.67072564154154,225.3298253274289,221.8626109260752,224.197265625
2024-10-04T00:00:00.000000,226.41271278943105,226.5120662505933,222.66732681912907,225.3199005126953
2024-10-07T00:00:00.000000,223.0348997045567,224.21713611955545,219.885589131397,220.2432403564453
2024-10-08T00:00:00.000000,222.83619253711748,224.50522136577493,221.79304193960246,224.29660034179688
2024-10-09T00:00:00.000000,223.76015205132026,228.25065892191472,223.36276850208282,228.04202270507812
2024-10-10T00:00:00.000000,226.2935162493635,228.0022928156644,225.6874964769055,227.5452880859375
2024-10-11T00:00:00.000000,227.8035664938185,227.9128492283195,225.85635099522128,226.0649871826172
2024-10-14T00:00:00.000000,227.2075041009655,230.21772915238438,227.1081657950345,229.79054260253906
2024-10-15T00:00:00.000000,232.08542861457474,235.94011203523937,230.85351557312313,232.32386779785156
2024-10-16T00:00:00.000000,230.0885617348273,230.60515724916505,228.34003796565733,230.2673797607422
2024-10-17T00:00:00.000000,231.9066247344228,232.3238971476739,229.0156269629083,230.63497924804688
2024-10-18T00:00:00.000000,234.63867690560429,234.63867690560429,232.4828401919167,233.4663848876953
2024-10-21T00:00:00.000000,232.9199708414818,235.30431748145634,232.9199708414818,234.9367218017578
2024-10-22T00:00:00.000000,232.36362533760988,234.67842149785605,231.0820505913223,234.32077026367188
2024-10-23T00:00:00.000000,232.552368896012,233.6054487889833,226.2736066643371,229.2540283203125
2024-10-24T00:00:00.000000,228.47914643577636,229.3136761173618,226.91940013747097,229.0653076171875
2024-10-25T00:00:00.000000,228.2407111108546,231.69799621804017,228.07182235817814,229.89981079101562
2024-10-28T00:00:00.000000,231.79736647290133,233.1981533252385,231.03238723011694,231.8768310546875
2024-10-29T00:00:00.000000,231.5787930163908,232.80076177889833,230.80388451731673,232.1450653076172
2024-10-30T00:00:00.000000,231.0919876952183,231.9463759413976,228.05195968136482,228.59837341308594
2024-10-31T00:00:00.000000,227.84332326136388,228.33013097812315,223.89923027313517,224.4357147216797
2024-11-01T00:00:00.000000,219.5279346472888,223.87935529424118,218.83250593091054,221.4552764892578
2024-11-04T00:00:00.000000,219.54780947276666,221.33605042122997,218.2761640538016,220.56114196777344
2024-11-05T00:00:00.000000,220.35251908634842,222.4884819564664,219.6968226591573,221.9917449951172
2024-11-06T00:00:00.000000,221.15722727351368,224.59465366535846,219.7464961432124,221.26651000976562
2024-11-07T00:00:00.000000,223.16406118155706,226.39285156162418,223.10445516924474,225.99545288085938
2024-11-08T00:00:00.000000,225.9357792784742,227.4176895436531,225.17991383614745,225.7269287109375
2024-11-11T00:00:00.000000,223.77757009002366,224.47376393957063,220.29658566640109,223.01174926757812
2024-11-12T00:00:00.000000,223.33001798502116,224.36436096493557,222.14648085284745,223.01174926757812
2024-11-13T00:00:00.000000,222.79294167641658,225.4185978724207,221.54973296285615,223.89691162109375
2024-11-14T00:00:00.000000,223.7974607959322,227.62653447284012,223.77756520755418,226.98007202148438
2024-11-15T00:00:00.000000,225.1699449930133,225.6871240415238,223.05152776948486,223.77755737304688
2024-11-18T00:00:00.000000,224.02620376766677,228.49181480220403,223.94663659117114,226.78115844726562
2024-11-19T00:00:00.000000,225.74680903538962,228.90953992555222,225.4285554930197,227.0397491455078
2024-11-20T00:00:00.000000,226.82093350733243,228.68076882556113,224.66272507245372,227.75582885742188
2024-11-21T00:00:00.000000,227.63651765548505,228.90956230117874,224.4837418395179,227.27847290039062
2024-11-22T00:00:00.000000,226.82094518602503,229.46649702017746,226.82094518602503,228.62110900878906
2024-11-25T00:00:00.000000,230.2024695182051,231.982737654973,228.4918131754458,231.60479736328125
2024-11-26T00:00:00.000000,232.06231657216094,234.29015208323423,232.06231657216094,233.7829132080078
2024-11-27T00:00:00.000000,233.19611792325418,234.40949083683986,232.53970008294309,233.6536102294922
2024-11-29T00:00:00.000000,233.53426018813377,236.51796100091357,232.69882760276832,236.0405731201172
2024-12-02T00:00:00.000000,235.98089694287458,239.4817615684827,235.8714939748314,238.2882843017578
2024-12-03T00:00:00.000000,238.5070985351772,241.44106801091166,237.60203896586935,241.3316650390625
2024-12-04T00:00:00.000000,241.55048900644988,242.78375758332757,239.9392952788925,241.68972778320312
2024-12-05T00:00:00.000000,242.66437887636008,243.21137852046672,240.8144838697662,241.7195281982422
2024-12-06T00:00:00.000000,241.59025685240857,243.30091318780651,240.76476447856876,241.5206298828125
2024-12-09T00:00:00.000000,240.51612576959502,245.89673657618508,240.43655859300793,245.40939331054688
2024-12-10T00:00:00.000000,245.54865007065558,246.861485816723,244.0070681600661,246.4238739013672
2024-12-11T00:00:00.000000,246.61284788068906,249.43741460876686,244.92207178593077,245.1508331298828
2024-12-12T00:00:00.000000,245.54864477609476,247.3885997871069,244.34521203481492,246.6128387451172
2024-12-13T00:00:00.000000,246.47359279661413,247.9355922748061,244.90217516923994,246.7819061279297
2024-12-16T00:00:00.000000,246.64268436980004,250.01426601000418,246.30452004436617,249.6761016845703
2024-12-17T00:00:00.000000,248.72130738305802,252.45093348613432,248.42293425963442,252.1028289794922
2024-12-18T00:00:00.000000,250.79000225751088,252.89847930582897,246.39401822090946,246.70233154296875
2024-12-19T00:00:00.000000,246.15532490458142,250.6308762664829,245.7475488049507,248.43287658691406
2024-12-20T00:00:00.000000,246.69239156062656,253.6145845456153,244.35516822034685,253.10736083984375
2024-12-23T00:00:00.000000,253.38583418491564,254.26104280923545,252.07299848460428,253.88311767578125
2024-12-24T00:00:00.000000,254.10189725758943,256.80710520536127,253.90297174117552,256.79718017578125
2024-12-26T00:00:00.000000,256.7872242633273,258.6868506395932,256.2302692406472,257.6127014160156
2024-12-27T00:00:00.000000,256.42919055718573,257.29448932345014,251.68511699924173,254.2013702392578
2024-12-30T00:00:00.000000,250.85960874260036,252.1227129740064,249.3876539575231,250.82977294921875
2024-12-31T00:00:00.000000,251.0684930674946,251.90392569582917,248.07483671879714,249.05946350097656
2025-01-02T00:00:00.000000,247.57754859678104,247.74663833648884,240.50619200781614,242.52516174316406
2025-01-03T00:00:00.000000,242.03782653808594,242.85336358935695,240.5758118291158,242.03782653808594
2025-01-06T00:00:00.000000,242.98266113735735,245.98625772407811,241.87869116125097,243.66891479492188
2025-01-07T00:00:00.000000,241.6598944370817,244.21593900697974,240.03876048613398,240.8940887451172
2025-01-08T00:00:00.000000,240.60566285257053,242.38594639970384,238.7458272949175,241.3814239501953
2025-01-10T00:00:00.000000,238.70602211575698,238.85521627248303,231.73411285331812,235.56320190429688
2025-01-13T00:00:00.000000,232.2612269401141,233.39503269669683,228.47192915300568,233.12649536132812
2025-01-14T00:00:00.000000,233.47460320476435,234.8371551382162,231.20699165927476,232.01258850097656
2025-01-15T00:00:00.000000,233.36518970349533,237.66172623332486,233.15632396556444,236.57763671875
2025-01-16T00:00:00.000000,236.06047699847062,236.7168796666606,226.79110553013876,227.0198516845703
2025-01-17T00:00:00.000000,230.85887189963304,231.02794645733286,227.23864886634655,228.73049926757812
2025-01-21T00:00:00.000000,222.783001089375,223.20071739531107,218.1881065481907,221.43038940429688
2025-01-22T00:00:00.000000,218.59586314481808,222.90233985709415,218.59586314481808,222.61392211914062
2025-01-23T00:00:00.000000,223.51898889751178,225.7965406078772,221.09224303438072,222.44485473632812
2025-01-24T00:00:00.000000,223.5587751677507,224.40416321125562,220.207089142254,221.56964111328125
2025-01-27T00:00:00.000000,222.80290778981754,230.888727332658,222.76311661057002,228.61117553710938
2025-01-28T00:00:00.000000,229.59580038333414,238.88505261672515,229.5560092044273,236.9655303955078
2025-01-29T00:00:00.000000,232.84800364416722,238.5568232574634,232.73860067537262,238.05953979492188
2025-01-30T00:00:00.000000,237.3732826437262,239.48175963713217,235.92122345328548,236.2991485595703
2025-01-31T00:00:00.000000,245.8470107317681,245.8470107317681,232.1717149504871,234.71780395507812
2025-02-03T00:00:00.000000,228.74047863837345,230.5704783469237,224.47377754488917,226.77122497558594
2025-02-04T00:00:00.000000,226.0153521080233,231.86341095944582,225.4186058340825,231.5352020263672
2025-02-05T00:00:00.000000,227.28840417126338,231.40591110501148,227.02982220448578,231.20700073242188
2025-02-06T00:00:00.000000,230.03338922164468,232.5297620441898,229.17806101517482,231.95291137695312
2025-02-07T00:00:00.000000,231.33629458433444,232.72868233994458,226.02529517161955,226.39329528808594
2025-02-10T00:00:00.000000,228.57377553913867,229.58933825388894,226.21404995469493,226.66209411621094
2025-02-11T00:00:00.000000,227.2097321635687,234.20922454356437,227.1400438259152,231.6105499267578
2025-02-12T00:00:00.000000,230.19669384296432,235.9317077791751,229.67894615315132,235.8420867919922
2025-02-13T00:00:00.000000,235.88194100703416,241.28837041996871,234.54775953627293,240.4818878173828
2025-02-14T00:00:00.000000,240.203075232316,244.48441805735465,239.9442089936196,243.53854370117188
2025-02-18T00:00:00.000000,243.0905000064508,244.11602908498713,240.7905267294893,243.40911865234375
2025-02-19T00:00:00.000000,243.5982928571997,244.94242536854557,242.10480216065562,243.807373046875
2025-02-20T00:00:00.000000,243.87707690453925,245.70908851524857,243.2298884862767,244.76321411132812
2025-02-21T00:00:00.000000,244.88267886995578,247.6107939080121,244.155851012499,244.4844207763672
2025-02-24T00:00:00.000000,243.86711335623195,247.7800669312537,243.3593319822528,246.0277099609375
2025-02-25T00:00:00.000000,246.92381259977986,248.91513366913293,243.84722519384715,245.9679718017578
2025-02-26T00:00:00.000000,243.26971340939616,243.91688660847365,238.09228223905913,239.3169403076172
2025-02-27T00:00:00.000000,238.3710773588995,241.4078448384303,236.0312691715791,236.27023315429688
2025-02-28T00:00:00.000000,235.92174819400608,241.03944246427386,229.2010399398617,240.79052734375
2025-03-03T00:00:00.000000,240.74073286620586,242.97101773746803,235.0853888180174,236.99705505371094
2025-03-04T00:00:00.000000,236.6784633674393,239.02822274747484,233.6615980851158,234.9061737060547
2025-03-05T00:00:00.000000,234.3983766092207,235.5234777567522,228.23523611666363,234.7169952392578
2025-03-06T00:00:00.000000,233.42263965762712,236.82779659290307,232.14819548977783,234.30877685546875
2025-03-07T00:00:00.000000,234.08974000390756,240.32256924437755,233.74125275300776,238.03256225585938
2025-03-10T00:00:00.000000,234.5178647329352,235.13518456664028,223.24699590534985,226.4928436279297
2025-03-11T00:00:00.000000,222.83878108425105,224.85997074742775,216.5063794973434,219.8816680908203
2025-03-12T00:00:00.000000,219.18469713036333,220.78771110845915,213.9773970817033,216.0384063720703
2025-03-13T00:00:00.000000,215.01289169752292,215.89902897504837,207.51556900756947,208.7700958251953
2025-03-14T00:00:00.000000,210.33328309966757,213.0215634427817,208.67053186821337,212.56356811523438
2025-03-17T00:00:00.000000,212.3843419118567,214.28605714072168,209.0588394397278,213.07135009765625
2025-03-18T00:00:00.000000,213.23065092190424,214.21634506867483,210.57223927739028,211.76702880859375
2025-03-19T00:00:00.000000,213.29037609854922,217.81066771448715,212.82241448637808,214.3059539794922
2025-03-20T00:00:00.000000,213.0614056873257,216.54621759798974,211.29908226715483,213.17092895507812
2025-03-21T00:00:00.000000,210.64192650603025,217.89033350890864,210.36314278996363,217.32281494140625
2025-03-24T00:00:00.000000,220.04097309502072,220.5188858867363,217.63147647971348,219.7721405029297
2025-03-25T00:00:00.000000,219.81198848707382,223.1275400112128,219.12498026235477,222.779052734375
2025-03-26T00:00:00.000000,222.54005264880033,224.04350959032922,219.51325168877747,220.5686492919922
2025-03-27T00:00:00.000000,220.42925455550719,224.0136380596445,219.60285460337076,222.8785858154297
2025-03-28T00:00:00.000000,220.7080664246457,222.8387793372666,216.73537546649092,216.9544219970703
2025-03-31T00:00:00.000000,216.0682695484103,224.6409066608951,215.29165561007284,221.1660614013672
2025-04-01T00:00:00.000000,218.85612876373423,222.70932997882656,217.95007407622174,222.22146606445312
2025-04-02T00:00:00.000000,220.3595869543347,224.21278818927524,220.06088576879955,222.91842651367188
2025-04-03T00:00:00.000000,204.64805110026137,206.58960121618028,200.37667426890133,202.30825805664062
2025-04-04T00:00:00.000000,193.0486144227304,199.01262630823254,186.52703508606032,187.56253051757812
2025-04-07T00:00:00.000000,176.43103817745248,193.30748067285785,173.86223225537526,180.6725616455078
2025-04-08T00:00:00.000000,185.88981432593783,189.5140179775097,168.47572171547168,171.67178344726562
2025-04-09T00:00:00.000000,171.20381523449285,199.7394480269994,171.14407803694525,197.98709106445312
2025-04-10T00:00:00.000000,188.24955627509658,193.93476977334223,182.20588916182834,189.59368896484375
2025-04-11T00:00:00.000000,185.2924188893916,198.67408279715283,185.2525839628914,197.2901153564453
2025-04-14T00:00:00.000000,210.52246440005902,212.01595519155484,200.28707539108044,201.64117431640625
2025-04-15T00:00:00.000000,200.98403365195668,202.62686743682656,198.93297540670014,201.2628173828125
2025-04-16T00:00:00.000000,197.49920369317184,199.8290454554037,191.53519224238798,193.4269561767578
2025-04-17T00:00:00.000000,196.34424488667963,197.9671763411939,193.5763099497932,196.1251983642578
2025-04-21T00:00:00.000000,192.43128533414372,192.9589841185958,188.98629374468007,192.32176208496094
2025-04-22T00:00:00.000000,195.26894368988752,200.715208155226,195.1196006832811,198.8732452392578
2025-04-23T00:00:00.000000,205.10607692070187,207.0973980558543,201.91996614297287,203.712158203125
2025-04-24T00:00:00.000000,204.00088023313933,207.92378505310097,202.0593452871763,207.4657745361328
2025-04-25T00:00:00.000000,205.47445049920006,208.8397878176709,205.30519003897632,208.371826171875
2025-04-28T00:00:00.000000,209.08871177088434,210.5822025692478,206.55974070372147,209.2281036376953
2025-04-29T00:00:00.000000,207.78437328663372,211.3189707788267,207.4657546631633,210.29344177246094
2025-04-30T00:00:00.000000,208.39173986928208,212.65316547487808,205.7731479657814,211.57785034179688
2025-05-01T00:00:00.000000,208.1726964341785,213.62891164873253,207.99346964638974,212.39430236816406
2025-05-02T00:00:00.000000,205.19567188008233,206.0917754590827,201.2827333487594,204.45889282226562
2025-05-05T00:00:00.000000,202.21865389928206,203.21431440062256,197.34987465543003,198.02691650390625
2025-05-06T00:00:00.000000,197.3498735756035,199.77927242381972,196.16503515467957,197.6485595703125
2025-05-07T00:00:00.000000,198.30570335142838,198.574535944944,192.41139491378883,195.39837646484375
2025-05-08T00:00:00.000000,196.86199326420865,199.18188402861682,193.83517686729027,196.63299560546875
2025-05-09T00:00:00.000000,198.1364339272832,199.6697443694255,196.6827629534363,197.66847229003906
2025-05-12T00:00:00.000000,210.32995926202443,210.6290521628615,206.1227607044075,210.15049743652344
2025-05-13T00:00:00.000000,209.79158118866218,212.75257189298435,208.36592688565332,212.28399658203125
2025-05-14T00:00:00.000000,211.78550901932945,213.29093762104833,209.94113079478424,211.68582153320312
2025-05-15T00:00:00.000000,210.31001909194578,212.31393091132972,208.90429308394448,210.80850219726562
2025-05-16T00:00:00.000000,211.71573318604425,211.92510277199543,209.1335944967917,210.6190643310547
2025-05-19T00:00:00.000000,207.27923550566183,208.84446444770495,203.64029993754312,208.14659118652344
2025-05-20T00:00:00.000000,207.03996203611737,207.83753801206538,204.40797196423648,206.232421875
2025-05-21T00:00:00.000000,204.5475404614086,206.41186226922272,200.10108001028593,201.4768829345703
2025-05-22T00:00:00.000000,200.1010626250374,202.13486667390606,199.09411717835945,200.74908447265625
2025-05-23T00:00:00.000000,193.082445017036,197.1002176461426,192.8730906309023,194.67759704589844
2025-05-27T00:00:00.000000,197.6983910952664,200.1309909415137,196.83102019804124,199.60260009765625
2025-05-28T00:00:00.000000,199.98143310081724,202.11494001836002,199.2935240345892,199.81195068359375
2025-05-29T00:00:00.000000,202.9623758748587,203.19167383577107,197.90775006205254,199.3433837890625
2025-05-30T00:00:00.000000,198.7651407343476,201.3472946799051,196.18300200128658,200.24066162109375
2025-06-02T00:00:00.000000,199.67238359256916,201.51677709467234,199.51286535414474,201.08807373046875
2025-06-03T00:00:00.000000,200.73913195165156,203.1517881077627,200.35031577799097,202.65330505371094
2025-06-04T00:00:00.000000,202.29440469878628,205.6143037964219,201.48686455307688,202.20468139648438
2025-06-05T00:00:00.000000,202.88261988754903,204.12882762641604,199.54277706238673,200.02133178710938
2025-06-06T00:00:00.000000,202.3841235560851,205.07592905349443,201.4370087789868,203.30133056640625
2025-06-09T00:00:00.000000,203.76991971327615,205.37503589356555,199.4131823149893,200.83883666992188
2025-06-10T00:00:00.000000,199.9914028593682,203.73002568042446,199.96149509379936,202.05511474609375
2025-06-11T00:00:00.000000,202.88260699920767,203.8795731269679,197.80805305990708,198.1769256591797
2025-06-12T00:00:00.000000,198.47602627663701,199.07419684911244,196.7612432530472,198.5956573486328
2025-06-13T00:00:00.000000,199.12405177447246,199.76210952406473,195.1062792678608,195.85400390625
2025-06-16T00:00:00.000000,196.701426450214,198.08720880439395,195.96366601516638,197.81802368164062
2025-06-17T00:00:00.000000,196.6017124403596,197.78810453675544,194.61775963167673,195.04644775390625
2025-06-18T00:00:00.000000,195.34553910938874,196.97059871241268,194.4781834746436,195.9835968017578
2025-06-20T00:00:00.000000,197.63856158511533,201.08805571006383,196.26274352386682,200.3901824951172
2025-06-23T00:00:00.000000,201.01829760639046,201.68626312768808,198.35639970659372,200.88868713378906
2025-06-24T00:00:00.000000,201.97536755465325,202.8227948624406,199.59261907789957,199.69232177734375
2025-06-25T00:00:00.000000,200.83883469818846,203.05210084338043,200.01135094007643,200.94850158691406
2025-06-26T00:00:00.000000,200.81887060840756,202.0252062612044,198.85486142223453,200.3901824951172
2025-06-27T00:00:00.000000,201.2774955925489,202.60346239871808,199.39323017588663,200.46995544433594
2025-06-30T00:00:00.000000,201.39712965217615,206.7608124915243,198.6554726965608,204.54754638671875
2025-07-01T00:00:00.000000,206.04299395149746,209.55231908550664,205.51460310500556,207.18951416015625
2025-07-02T00:00:00.000000,208.2761972389462,212.69274987948137,207.5085290616707,211.7954864501953
2025-07-03T00:00:00.000000,211.5063683517463,213.9987837940836,211.16740350258758,212.90213012695312
2025-07-07T00:00:00.000000,212.03474730839852,215.57398008038285,208.16652910348648,209.3130340576172
2025-07-08T00:00:00.000000,209.46260228799343,210.78855393169587,207.8175989494771,209.37286376953125
2025-07-09T00:00:00.000000,208.8943192909964,210.6888614301138,206.59132988433592,210.4994354248047
2025-07-10T00:00:00.000000,209.87133445003573,212.83232507172787,209.39279496736208,211.7655792236328
2025-07-11T00:00:00.000000,209.93115706069412,211.48642172848318,209.22330444266433,210.5193634033203
2025-07-14T00:00:00.000000,209.29309904361602,210.27013683517245,206.91035052542594,207.98707580566406
2025-07-15T00:00:00.000000,208.5852680860029,211.2471659954246,208.2861751856472,208.47560119628906
2025-07-16T00:00:00.000000,209.66198981724762,211.7556096589697,208.0070223143888,209.5224151611328
2025-07-17T00:00:00.000000,209.93116216460888,211.15742622671814,208.95412441878605,209.38282775878906
2025-07-18T00:00:00.000000,210.23024956462245,211.1474566075158,209.06380098140497,210.539306640625
2025-07-21T00:00:00.000000,211.45652088357517,215.12534891613055,210.98794558852114,211.83535766601562
2025-07-22T00:00:00.000000,212.49337032996837,214.29787667610697,211.5861274580158,213.74954223632812
2025-07-23T00:00:00.000000,214.3477325289176,214.49727137359017,211.76559372759175,213.50030517578125
2025-07-24T00:00:00.000000,213.25104009789538,215.0356179140754,212.88216751340357,213.11146545410156
2025-07-25T00:00:00.000000,214.04862920984866,214.58699944946258,212.7525701732737,213.2311248779297
2025-07-28T00:00:00.000000,213.38067592321022,214.1981955143971,212.41361748607306,213.40061950683594
2025-07-29T00:00:00.000000,213.53020352524888,214.1582970701604,210.18041185237743,210.62904357910156
2025-07-30T00:00:00.000000,211.25711581327238,211.74563469104578,207.0898047125579,208.415771484375
2025-07-31T00:00:00.000000,207.85748415888986,209.20337937318874,206.5315173151756,206.94027709960938
2025-08-01T00:00:00.000000,210.23025491744008,212.93203997684435,200.88868661623732,201.76602172851562
2025-08-04T00:00:00.000000,203.8895472057539,207.24933356384108,201.06813110178,202.7330780029297
2025-08-05T00:00:00.000000,202.78290655256814,204.71702329589334,201.54667827641916,202.3043670654297
2025-08-06T00:00:00.000000,205.00616501036765,214.72658548105818,204.96627784328447,212.60304260253906
2025-08-07T00:00:00.000000,218.2159523061407,220.1799768073744,215.92292715514498,219.36245727539062
2025-08-08T00:00:00.000000,220.16003429974123,230.29917810781973,218.58482597462978,228.65419006347656
2025-08-11T00:00:00.000000,227.48640043221798,229.12327986736793,224.3324083989562,226.747802734375
2025-08-12T00:00:00.000000,227.57622481823222,230.36092560837628,226.63802588155738,229.21310424804688
2025-08-13T00:00:00.000000,230.6304284784954,234.55294488479396,229.99163136972763,232.88612365722656
2025-08-14T00:00:00.000000,233.6147219132583,234.67270293292236,230.41083714463488,232.337158203125
2025-08-15T00:00:00.000000,233.5548328767578,233.834298979768,228.9036945156081,231.1494140625
2025-08-18T00:00:00.000000,231.25921652669462,232.67651332576617,229.672244959047,230.4507598876953
2025-08-19T00:00:00.000000,230.84001516813981,232.42698672077375,228.9136940815642,230.1213836669922
2025-08-20T00:00:00.000000,229.54248102593337,230.0315543310328,225.3404986724704,225.5800323486328
2025-08-21T00:00:00.000000,225.83955683035407,226.08908123987146,223.35428822884654,224.47215270996094
2025-08-22T00:00:00.000000,225.73973438952316,228.65417758009713,224.98118568943215,227.3267059326172
2025-08-25T00:00:00.000000,226.04912998143794,228.86377239669042,225.79960559269966,226.72784423828125
2025-08-26T00:00:00.000000,226.43840339540802,229.0534295301293,224.26255788237486,228.87376403808594
2025-08-27T00:00:00.000000,228.17510050695543,230.46073738560713,227.82576024347395,230.05152893066406
2025-08-28T00:00:00.000000,230.3809040856524,232.9659733126178,228.90370861616245,232.11758422851562
2025-08-29T00:00:00.000000,232.0676707602769,232.9360260407387,230.92984008944924,231.69837951660156
2025-09-02T00:00:00.000000,228.81388239599917,230.4108447009183,226.53822101083426,229.28298950195312
2025-09-03T00:00:00.000000,236.75874463665696,238.395624134605,233.9141603097862,238.01634216308594
2025-09-04T00:00:00.000000,237.99636566705198,239.44360411673358,236.28962732845326,239.32383728027344
2025-09-05T00:00:00.000000,239.54341659874092,240.86091270031892,238.03629475202086,239.2340087890625
2025-09-08T00:00:00.000000,238.84475646782593,239.69313028194867,235.89038089866295,237.42745971679688
2025-09-09T00:00:00.000000,236.54912730927947,238.3257397896772,232.9160527142261,233.9041748046875
2025-09-10T00:00:00.000000,231.7482872752143,231.97784546194652,225.52015268533836,226.35855102539062
2025-09-11T00:00:00.000000,226.44839058875493,230.01159113632517,226.21881717306923,229.59239196777344
2025-09-12T00:00:00.000000,228.78393068206054,234.06386022938602,228.58431421011397,233.6247100830078
2025-09-15T00:00:00.000000,236.54912714503797,237.7368657054393,234.58287368836292,236.24969482421875
2025-09-16T00:00:00.000000,236.72878926810645,240.76111223381088,235.87043992435724,237.6969451904297
2025-09-17T00:00:00.000000,238.5153883976145,239.6432435766681,237.27774187166392,238.5353546142578
2025-09-18T00:00:00.000000,239.5134800259323,240.74113579799257,236.199788714976,237.42745971679688
2025-09-19T00:00:00.000000,240.77107799962133,245.83144010441063,239.7530294205925,245.032958984375
2025-09-22T00:00:00.000000,247.82763635806887,256.15178189089505,247.64797087114997,255.5928192138672
2025-09-23T00:00:00.000000,255.39322235208516,256.8504363399061,253.0975947938589,253.9459686279297
2025-09-24T00:00:00.000000,254.73446948849343,255.2534845023776,250.56241362070242,251.8300018310547
2025-09-25T00:00:00.000000,252.72829161839874,256.6807646844572,251.2311452680336,256.3813171386719
2025-09-26T00:00:00.000000,253.61660096533106,257.10994249251326,253.2972024297037,254.97401428222656
2025-09-29T00:00:00.000000,254.0757261912774,254.5148915782133,252.52867184357527,253.9459686279297
2025-09-30T00:00:00.000000,254.37515755125318,255.4331385813304,252.6284867333586,254.14559936523438
2025-10-01T00:00:00.000000,254.55481135314994,258.29769267334166,254.44502000530687,254.9640350341797
2025-10-02T00:00:00.000000,256.09186667190835,257.68882891050583,253.66649683440303,256.6408386230469
2025-10-03T00:00:00.000000,254.18552630266564,258.7468246365968,253.46689477740222,257.5291442871094
2025-10-06T00:00:00.000000,257.49917477533796,258.57713717661323,254.56478079871025,256.20166015625
2025-10-07T00:00:00.000000,256.32145476920215,256.9103287268919,254.94407514023973,255.99209594726562
2025-10-08T00:00:00.000000,256.03201279963565,258.0282082133661,255.62278908467795,257.569091796875
2025-10-09T00:00:00.000000,257.3195337882977,257.50917476461467,252.65841993311406,253.55670166015625
2025-10-10T00:00:00.000000,254.45500785015722,255.8922708493858,243.53581752909898,244.80340576171875
2025-10-13T00:00:00.000000,248.90558714178317,249.2149949644775,245.09284695690994,247.18885803222656
2025-10-14T00:00:00.000000,246.13087266264282,248.37659224814226,244.23447809703134,247.29864501953125
2025-10-15T00:00:00.000000,249.01538540478128,251.3409547309234,246.99922390992754,248.86566162109375
2025-10-16T00:00:00.000000,247.77774448085987,248.56623493239263,244.66368465033412,246.97926330566406
2025-10-17T00:00:00.000000,247.5481624372989,252.89796599708643,246.79958926324147,251.81002807617188
2025-10-20T00:00:00.000000,255.4032084113237,263.87706298772724,255.14370850365398,261.7411193847656
2025-10-21T00:00:00.000000,261.3817895915523,264.7853058703715,261.3318664386604,262.27008056640625
2025-10-22T00:00:00.000000,262.15033525743416,262.349966966352,254.94406918261987,257.9583435058594
2025-10-23T00:00:00.000000,259.4454820834593,260.12418111371363,257.51916110368444,259.0861511230469
2025-10-24T00:00:00.000000,260.69313376057823,263.62754335723145,258.68694768993146,262.3200378417969
2025-10-27T00:00:00.000000,264.37609822840903,268.60802232244004,264.1465248140549,268.2986145019531
2025-10-28T00:00:00.000000,268.4782600095115,269.3765722048576,267.63986169210665,268.4882507324219
2025-10-29T00:00:00.000000,268.76770579477784,270.8936584399069,266.6018207191691,269.1869201660156
2025-10-30T00:00:00.000000,271.4725408872279,273.6184749716116,267.969239224885,270.8836669921875
2025-10-31T00:00:00.000000,276.4630533049319,276.79244258078194,268.647962249571,269.85565185546875
2025-11-03T00:00:00.000000,269.90556627002525,270.33474092754267,265.74348587775046,268.53814697265625
2025-11-04T00:00:00.000000,267.8195068636227,270.9734988318123,267.11086611942017,269.5262756347656
2025-11-05T00:00:00.000000,268.0989800730272,271.18312844251227,266.4221834255846,269.6260986328125
2025-11-06T00:00:00.000000,267.38037702601645,272.8798740142925,267.38037702601645,269.25677490234375
2025-11-07T00:00:00.000000,269.28671541495146,271.7719991063764,266.26248096015127,267.9592590332031
2025-11-10T00:00:00.000000,268.7085692371889,273.4741297822401,267.20997142836535,269.1781311035156
2025-11-11T00:00:00.000000,269.55775905965567,275.65206242273547,269.5477586519058,274.99267578125
2025-11-12T00:00:00.000000,274.74292397164845,275.4722525277038,271.4460210796085,273.21435546875
2025-11-13T00:00:00.000000,273.85374352181776,276.4413491841305,271.83564282199285,272.6948547363281
2025-11-14T00:00:00.000000,270.7965900477885,275.70200347225597,269.3479639093673,272.15533447265625
2025-11-17T00:00:00.000000,268.5687054184609,270.2371271729127,265.48159771217263,267.2099609375
2025-11-18T00:00:00.000000,269.7376065335732,270.4569347049811,265.0719890725528,267.19000244140625
2025-11-19T00:00:00.000000,265.2817633125939,271.9555110777923,265.2517925781922,268.3089294433594
2025-11-20T00:00:00.000000,270.5768036466949,275.17250947675234,265.67142054546326,266.0010986328125
2025-11-21T00:00:00.000000,265.70137680880595,273.0744516711978,265.4216397990326,271.2361755371094
2025-11-24T00:00:00.000000,270.64675212306133,276.7410558404627,270.64675212306133,275.6620788574219
2025-11-25T00:00:00.000000,275.012667049666,280.1179060838009,274.9926967216935,276.7110900878906
2025-11-26T00:00:00.000000,276.70108254872224,279.26868736786383,276.3714044558947,277.29052734375
2025-11-28T00:00:00.000000,277.0008150112318,278.73917862681736,275.73198274965245,278.5893249511719
2025-12-01T00:00:00.000000,277.75011957449965,283.1550658399818,275.88187257202503,282.8353576660156
2025-12-02T00:00:00.000000,282.7354345985028,287.1313151163589,282.36578537497866,285.9224548339844
2025-12-03T00:00:00.000000,285.9324708384744,288.35019153510143,283.0351573834178,283.8843688964844
2025-12-04T00:00:00.000000,283.83440686502166,284.46382276925783,278.32954829392816,280.4375915527344
2025-12-05T00:00:00.000000,280.27774306596746,280.8771882481053,277.79005013345267,278.5193786621094
2025-12-08T00:00:00.000000,277.86998437615557,279.4085531850005,275.8918244790692,277.6302185058594
2025-12-09T00:00:00.000000,277.8999627322321,279.7682096639769,276.6611317163261,276.9208679199219
2025-12-10T00:00:00.000000,277.490342786908,279.48847306800184,276.1815698919154,278.5193786621094
2025-12-11T00:00:00.000000,278.83908758708685,279.3286197507982,273.5540244422053,277.77008056640625
2025-12-12T00:00:00.000000,277.64021728323,278.9589906850317,276.5612402656973,278.0198669433594
2025-12-15T00:00:00.000000,279.8880911943856,279.8880911943856,272.5849275039148,273.8537292480469
2025-12-16T00:00:00.000000,272.5649667835892,275.2424541197232,271.53593087885605,274.353271484375
2025-12-17T00:00:00.000000,274.75292651919426,275.90184538512057,271.38608172110213,271.58587646484375
2025-12-18T00:00:00.000000,273.35420232069225,273.374203136776,266.7004552212896,271.935546875
2025-12-19T00:00:00.000000,271.8955859651445,274.34330788170604,269.64768928264715,273.4141845703125
2025-12-22T00:00:00.000000,272.6048920133635,273.62395794129594,270.25711338978425,270.7166748046875
2025-12-23T00:00:00.000000,270.5868091030317,272.2452609569047,269.30800689497966,272.1053771972656
2025-12-24T00:00:00.000000,272.085389177814,275.17249671786806,271.9455359163183,273.55401611328125
2025-12-26T00:00:00.000000,273.9037084592662,275.1125687682936,272.6049054553,273.1444091796875
2025-12-29T00:00:00.000000,272.4350823114352,274.10350406329195,272.0954038139857,273.50408935546875
2025-12-30T00:00:00.000000,272.5549704076282,273.82377221524894,272.02546707967076,272.82470703125
2025-12-31T00:00:00.000000,272.80472532736104,273.42414083736213,271.49595243002375,271.6058349609375
2026-01-02T00:00:00.000000,272.0054842546519,277.58025431004916,268.7485221479618,270.75665283203125
2026-01-05T00:00:00.000000,270.38700744645297,271.25618925068443,265.89121426121545,267.0101623535156
2026-01-06T00:00:00.000000,266.7503924619391,267.2998660934885,261.8749496989937,262.1147155761719
2026-01-07T00:00:00.000000,262.95395138764474,263.4334831315393,259.56710600115036,260.08660888671875
2026-01-08T00:00:00.000000,256.7797203952787,259.0476178563403,255.46096229095477,258.7978515625
2026-01-09T00:00:00.000000,258.8377955175017,259.9667440583015,255.98048371428257,259.1275329589844
2026-01-12T00:00:00.000000,258.9177364764393,261.05572011368304,256.5599267903311,260.0067138671875
2026-01-13T00:00:00.000000,258.4781303943212,261.56523797230057,258.148452318208,260.8059387207031
2026-01-14T00:00:00.000000,259.247418118488,261.57525710051715,256.4700180914029,259.71697998046875
2026-01-15T00:00:00.000000,260.40631875644857,260.7959687899761,256.8096782083212,257.9685974121094
2026-01-16T00:00:00.000000,257.6589020182799,258.6579671912775,254.69167723491495,255.29112243652344
2026-01-20T00:00:00.000000,252.49373739571587,254.55180921698133,243.19244305608962,246.46937561035156
2026-01-21T00:00:00.000000,248.46750904444812,251.3248360900433,244.9507953165175,247.41848754882812
2026-01-22T00:00:00.000000,248.96703988447874,250.76536025794266,247.9180183962477,248.1178436279297
2026-01-23T00:00:00.000000,247.08880782235642,249.17685039145397,244.45126111041233,247.80812072753906
2026-01-26T00:00:00.000000,251.24490015634893,256.32015295784896,249.5664780183616,255.17123413085938
2026-01-27T00:00:00.000000,258.92771692213245,261.70511669708895,257.96859246831417,258.0285339355469
2026-01-28T00:00:00.000000,257.409147241713,258.61800761819165,254.27208306792676,256.2002868652344
2026-01-29T00:00:00.000000,257.75880668092503,259.4072580677027,254.17216647920577,258.0385437011719
2026-01-30T00:00:00.000000,254.93144331105526,261.6551472598355,251.94423313215475,259.2374267578125
2026-02-02T00:00:00.000000,259.7869174093499,270.2371306501278,258.9676766447768,269.7575988769531
2026-02-03T00:00:00.000000,268.9483513556569,271.6258386480508,267.3598109321867,269.22808837890625
2026-02-04T00:00:00.000000,272.03545112075,278.68922850453845,272.03545112075,276.23150634765625
2026-02-05T00:00:00.000000,277.86999494352693,279.2387093202658,272.97458180817284,275.6520690917969
2026-02-06T00:00:00.000000,276.8609202349588,280.6473855638201,276.67109542368036,277.8599853515625
2026-02-09T00:00:00.000000,277.9100036621094,278.20001220703125,271.70001220703125,274.6199951171875
2026-02-10T00:00:00.000000,274.8900146484375,275.3699951171875,272.94000244140625,273.67999267578125
2026-02-11T00:00:00.000000,274.70001220703125,280.17999267578125,274.45001220703125,275.5
2026-02-12T00:00:00.000000,275.5899963378906,275.7200012207031,260.17999267578125,261.7300109863281
2026-02-13T00:00:00.000000,262.010009765625,262.2300109863281,255.4499969482422,255.77999877929688
2026-02-17T00:00:00.000000,258.04998779296875,266.2900085449219,255.5399932861328,263.8800048828125
2026-02-18T00:00:00.000000,263.6000061035156,266.82000732421875,262.45001220703125,264.3500061035156
2026-02-19T00:00:00.000000,262.6000061035156,264.4800109863281,260.04998779296875,260.5799865722656
2026-02-20T00:00:00.000000,258.9700012207031,264.75,258.1600036621094,264.5799865722656
2026-02-23T00:00:00.000000,263.489990234375,269.42999267578125,263.3800048828125,266.17999267578125
2026-02-24T00:00:00.000000,267.8599853515625,274.8900146484375,267.7099914550781,272.1400146484375
2026-02-25T00:00:00.000000,271.7799987792969,274.94000244140625,271.04998779296875,274.2300109863281
2026-02-26T00:00:00.000000,274.95001220703125,276.1099853515625,270.79998779296875,272.95001220703125
2026-02-27T00:00:00.000000,272.80999755859375,272.80999755859375,262.8900146484375,264.17999267578125
2026-03-02T00:00:00.000000,262.4100036621094,266.5299987792969,260.20001220703125,264.7200012207031
2026-03-03T00:00:00.000000,263.4800109863281,265.55999755859375,260.1300048828125,263.75
2026-03-04T00:00:00.000000,264.6499938964844,266.1499938964844,261.4200134277344,262.5199890136719
2026-03-05T00:00:00.000000,260.7900085449219,261.55999755859375,257.25,260.2900085449219
2026-03-06T00:00:00.000000,258.6300048828125,258.7699890136719,254.3699951171875,257.4599914550781
2026-03-09T00:00:00.000000,255.69000244140625,261.1499938964844,253.67999267578125,259.8800048828125
2026-03-10T00:00:00.000000,257.6499938964844,262.4800109863281,256.95001220703125,260.8299865722656
2026-03-11T00:00:00.000000,261.0899963378906,262.1300048828125,259.54998779296875,260.80999755859375
2026-03-12T00:00:00.000000,258.6600036621094,258.95001220703125,254.17999267578125,255.75999450683594
2026-03-13T00:00:00.000000,255.47999572753906,256.3299865722656,249.52000427246094,250.1199951171875
2026-03-16T00:00:00.000000,252.11000061035156,253.88999938964844,249.8800048828125,252.82000732421875
2026-03-17T00:00:00.000000,252.9600067138672,255.1300048828125,252.17999267578125,254.22999572753906
2026-03-18T00:00:00.000000,252.6300048828125,254.94000244140625,249.0,249.94000244140625
2026-03-19T00:00:00.000000,249.39999389648438,251.8300018310547,247.3000030517578,248.9600067138672
2026-03-20T00:00:00.000000,248.11000061035156,249.1999053955078,246.0,247.99000549316406
